{
  "generated_at": "2025-09-19T05:01:24.883Z",
  "k": 4,
  "leaderboard": {
    "github": {
      "klavis": {
        "total_tasks": 23,
        "total_agent_execution_time": 8681.191,
        "total_input_tokens": 12226405,
        "total_output_tokens": 217486,
        "total_tokens": 12443891,
        "total_turns": 505,
        "avg_agent_execution_time": 377.4431,
        "avg_input_tokens": 531582.8261,
        "avg_output_tokens": 9455.913,
        "avg_total_tokens": 541038.7391,
        "avg_turns": 21.9565,
        "per_run_input_tokens": 12226405,
        "per_run_output_tokens": 217486,
        "per_run_cost": 199.707525,
        "actual_model_name": "claude-sonnet-4-20250514",
        "pass@1": {
          "avg": 0.3478,
          "std": 0
        }
      },
      "official": {
        "total_tasks": 23,
        "total_agent_execution_time": 18077.8395,
        "total_input_tokens": 64106636,
        "total_output_tokens": 408552,
        "total_tokens": 64515188,
        "total_turns": 1027,
        "avg_agent_execution_time": 196.4983,
        "avg_input_tokens": 696811.2609,
        "avg_output_tokens": 4440.7826,
        "avg_total_tokens": 701252.0435,
        "avg_turns": 11.163,
        "per_run_input_tokens": 16026659,
        "per_run_output_tokens": 102138,
        "per_run_cost": 248.06023499999998,
        "actual_model_name": "claude-sonnet-4-20250514",
        "pass@1": {
          "avg": 0.163,
          "std": 0.0565
        },
        "pass@4": 0.3043,
        "pass^4": 0.087
      }
    },
    "notion": {
      "official": {
        "total_tasks": 28,
        "total_agent_execution_time": 21642.931,
        "total_input_tokens": 72423701,
        "total_output_tokens": 474776,
        "total_tokens": 72898477,
        "total_turns": 2208,
        "avg_agent_execution_time": 193.2405,
        "avg_input_tokens": 646640.1875,
        "avg_output_tokens": 4239.0714,
        "avg_total_tokens": 650879.2589,
        "avg_turns": 19.7143,
        "per_run_input_tokens": 18105925.25,
        "per_run_output_tokens": 118694,
        "per_run_cost": 280.49092874999997,
        "actual_model_name": "claude-sonnet-4-20250514",
        "pass@1": {
          "avg": 0.2143,
          "std": 0.0505
        },
        "pass@4": 0.3929,
        "pass^4": 0.0714
      }
    }
  }
}